<?xml version="1.0" encoding="UTF-8"?>
<GenRun Id="synth_1" LaunchPart="xc7a100tcsg324-1" LaunchTime="1617905310">
  <File Type="RDS-DCP" Name="top.dcp"/>
  <File Type="RDS-UTIL-PB" Name="top_utilization_synth.pb"/>
  <File Type="PA-TCL" Name="top.tcl"/>
  <File Type="RDS-UTIL" Name="top_utilization_synth.rpt"/>
  <File Type="REPORTS-TCL" Name="top_reports.tcl"/>
  <File Type="RDS-RDS" Name="top.vds"/>
  <FileSet Name="sources" Type="DesignSrcs" RelSrcDir="$PSRCDIR/sources_1">
    <Filter Type="Srcs"/>
    <File Path="$PSRCDIR/sources_1/imports/IPCores/misc/counters/hdl_code/counter.sv">
      <FileInfo>
        <Attr Name="ImportPath" Val="$PPRDIR/../../../../gitProjects/IPCores/misc/counters/hdl_code/counter.sv"/>
        <Attr Name="ImportTime" Val="1582027575"/>
        <Attr Name="UsedIn" Val="synthesis"/>
        <Attr Name="UsedIn" Val="implementation"/>
        <Attr Name="UsedIn" Val="simulation"/>
      </FileInfo>
    </File>
    <File Path="$PSRCDIR/sources_1/imports/hdl_code/memory_module.sv">
      <FileInfo>
        <Attr Name="ImportPath" Val="$PPRDIR/../../../../gitProjects/IPCores/misc/memory_module/hdl_code/memory_module.sv"/>
        <Attr Name="ImportTime" Val="1582027621"/>
        <Attr Name="UsedIn" Val="synthesis"/>
        <Attr Name="UsedIn" Val="implementation"/>
        <Attr Name="UsedIn" Val="simulation"/>
      </FileInfo>
    </File>
    <File Path="$PSRCDIR/sources_1/imports/IPCores/block_ciphers/present_cipher/hdl_code/present.sv">
      <FileInfo>
        <Attr Name="ImportPath" Val="$PPRDIR/../../../../gitProjects/IPCores/block_ciphers/present_cipher/hdl_code/present.sv"/>
        <Attr Name="ImportTime" Val="1607513387"/>
        <Attr Name="UsedIn" Val="synthesis"/>
        <Attr Name="UsedIn" Val="implementation"/>
        <Attr Name="UsedIn" Val="simulation"/>
      </FileInfo>
    </File>
    <File Path="$PSRCDIR/sources_1/imports/IPCores/block_ciphers/present_cipher/hdl_code/present_misc.sv">
      <FileInfo>
        <Attr Name="ImportPath" Val="$PPRDIR/../../../../gitProjects/IPCores/block_ciphers/present_cipher/hdl_code/present_misc.sv"/>
        <Attr Name="ImportTime" Val="1582022815"/>
        <Attr Name="UsedIn" Val="synthesis"/>
        <Attr Name="UsedIn" Val="implementation"/>
        <Attr Name="UsedIn" Val="simulation"/>
      </FileInfo>
    </File>
    <File Path="$PSRCDIR/sources_1/imports/IPCores/misc/registers/hdl_code/register.sv">
      <FileInfo>
        <Attr Name="ImportPath" Val="$PPRDIR/../../../../gitProjects/IPCores/misc/registers/hdl_code/register.sv"/>
        <Attr Name="ImportTime" Val="1598947436"/>
        <Attr Name="UsedIn" Val="synthesis"/>
        <Attr Name="UsedIn" Val="implementation"/>
        <Attr Name="UsedIn" Val="simulation"/>
      </FileInfo>
    </File>
    <File Path="$PSRCDIR/sources_1/imports/IPCores/block_ciphers/present_cipher/Hardware_performance_files/fusesoc_files/rtl/top.sv">
      <FileInfo>
        <Attr Name="ImportPath" Val="$PPRDIR/../../../../gitProjects/IPCores/block_ciphers/present_cipher/Hardware_performance_files/fusesoc_files/rtl/top.sv"/>
        <Attr Name="ImportTime" Val="1617789990"/>
        <Attr Name="UsedIn" Val="synthesis"/>
        <Attr Name="UsedIn" Val="implementation"/>
        <Attr Name="UsedIn" Val="simulation"/>
      </FileInfo>
    </File>
    <File Path="$PSRCDIR/sources_1/imports/IPCores/block_ciphers/present_cipher/Hardware_performance_files/fusesoc_files/rtl/xilinx_clk_wiz/clk_wiz_0/clk_wiz_0_clk_wiz.v">
      <FileInfo>
        <Attr Name="AutoDisabled" Val="1"/>
        <Attr Name="ImportPath" Val="$PPRDIR/../../../../gitProjects/IPCores/block_ciphers/present_cipher/Hardware_performance_files/fusesoc_files/rtl/xilinx_clk_wiz/clk_wiz_0/clk_wiz_0_clk_wiz.v"/>
        <Attr Name="ImportTime" Val="1617698694"/>
        <Attr Name="UsedIn" Val="synthesis"/>
        <Attr Name="UsedIn" Val="implementation"/>
        <Attr Name="UsedIn" Val="simulation"/>
      </FileInfo>
    </File>
    <File Path="$PSRCDIR/sources_1/imports/clk_wiz_0/mmcm_pll_drp_func_us_plus_pll.vh">
      <FileInfo>
        <Attr Name="AutoDisabled" Val="1"/>
        <Attr Name="ImportPath" Val="$PPRDIR/../../../../gitProjects/IPCores/block_ciphers/present_cipher/Hardware_performance_files/fusesoc_files/rtl/xilinx_clk_wiz/clk_wiz_0/mmcm_pll_drp_func_us_plus_pll.vh"/>
        <Attr Name="ImportTime" Val="1617698694"/>
        <Attr Name="UsedIn" Val="synthesis"/>
        <Attr Name="UsedIn" Val="simulation"/>
      </FileInfo>
    </File>
    <File Path="$PSRCDIR/sources_1/imports/clk_wiz_0/mmcm_pll_drp_func_7s_mmcm.vh">
      <FileInfo>
        <Attr Name="AutoDisabled" Val="1"/>
        <Attr Name="ImportPath" Val="$PPRDIR/../../../../gitProjects/IPCores/block_ciphers/present_cipher/Hardware_performance_files/fusesoc_files/rtl/xilinx_clk_wiz/clk_wiz_0/mmcm_pll_drp_func_7s_mmcm.vh"/>
        <Attr Name="ImportTime" Val="1617698694"/>
        <Attr Name="UsedIn" Val="synthesis"/>
        <Attr Name="UsedIn" Val="simulation"/>
      </FileInfo>
    </File>
    <File Path="$PSRCDIR/sources_1/imports/clk_wiz_0/mmcm_pll_drp_func_us_pll.vh">
      <FileInfo>
        <Attr Name="AutoDisabled" Val="1"/>
        <Attr Name="ImportPath" Val="$PPRDIR/../../../../gitProjects/IPCores/block_ciphers/present_cipher/Hardware_performance_files/fusesoc_files/rtl/xilinx_clk_wiz/clk_wiz_0/mmcm_pll_drp_func_us_pll.vh"/>
        <Attr Name="ImportTime" Val="1617698694"/>
        <Attr Name="UsedIn" Val="synthesis"/>
        <Attr Name="UsedIn" Val="simulation"/>
      </FileInfo>
    </File>
    <File Path="$PSRCDIR/sources_1/imports/clk_wiz_0/mmcm_pll_drp_func_7s_pll.vh">
      <FileInfo>
        <Attr Name="AutoDisabled" Val="1"/>
        <Attr Name="ImportPath" Val="$PPRDIR/../../../../gitProjects/IPCores/block_ciphers/present_cipher/Hardware_performance_files/fusesoc_files/rtl/xilinx_clk_wiz/clk_wiz_0/mmcm_pll_drp_func_7s_pll.vh"/>
        <Attr Name="ImportTime" Val="1617698694"/>
        <Attr Name="UsedIn" Val="synthesis"/>
        <Attr Name="UsedIn" Val="simulation"/>
      </FileInfo>
    </File>
    <File Path="$PSRCDIR/sources_1/imports/clk_wiz_0/mmcm_pll_drp_func_us_mmcm.vh">
      <FileInfo>
        <Attr Name="AutoDisabled" Val="1"/>
        <Attr Name="ImportPath" Val="$PPRDIR/../../../../gitProjects/IPCores/block_ciphers/present_cipher/Hardware_performance_files/fusesoc_files/rtl/xilinx_clk_wiz/clk_wiz_0/mmcm_pll_drp_func_us_mmcm.vh"/>
        <Attr Name="ImportTime" Val="1617698694"/>
        <Attr Name="UsedIn" Val="synthesis"/>
        <Attr Name="UsedIn" Val="simulation"/>
      </FileInfo>
    </File>
    <File Path="$PSRCDIR/sources_1/imports/clk_wiz_0/mmcm_pll_drp_func_us_plus_mmcm.vh">
      <FileInfo>
        <Attr Name="AutoDisabled" Val="1"/>
        <Attr Name="ImportPath" Val="$PPRDIR/../../../../gitProjects/IPCores/block_ciphers/present_cipher/Hardware_performance_files/fusesoc_files/rtl/xilinx_clk_wiz/clk_wiz_0/mmcm_pll_drp_func_us_plus_mmcm.vh"/>
        <Attr Name="ImportTime" Val="1617698694"/>
        <Attr Name="UsedIn" Val="synthesis"/>
        <Attr Name="UsedIn" Val="simulation"/>
      </FileInfo>
    </File>
    <File Path="$PSRCDIR/sources_1/imports/IPCores/block_ciphers/present_cipher/Hardware_performance_files/fusesoc_files/rtl/xilinx_clk_wiz/clk_wiz_0/clk_wiz_0.veo">
      <FileInfo>
        <Attr Name="ImportPath" Val="$PPRDIR/../../../../gitProjects/IPCores/block_ciphers/present_cipher/Hardware_performance_files/fusesoc_files/rtl/xilinx_clk_wiz/clk_wiz_0/clk_wiz_0.veo"/>
        <Attr Name="ImportTime" Val="1617698694"/>
      </FileInfo>
    </File>
    <Config>
      <Option Name="DesignMode" Val="RTL"/>
      <Option Name="TopModule" Val="top"/>
    </Config>
  </FileSet>
  <FileSet Name="constrs_in" Type="Constrs" RelSrcDir="$PSRCDIR/constrs_1">
    <Filter Type="Constrs"/>
    <File Path="$PSRCDIR/constrs_1/imports/data/Nexys4DDR_Master.xdc">
      <FileInfo>
        <Attr Name="ImportPath" Val="$PPRDIR/../../../../gitProjects/IPCores/block_ciphers/present_cipher/Hardware_performance_files/fusesoc_files/data/Nexys4DDR_Master.xdc"/>
        <Attr Name="ImportTime" Val="1617789990"/>
        <Attr Name="UsedIn" Val="synthesis"/>
        <Attr Name="UsedIn" Val="implementation"/>
      </FileInfo>
    </File>
    <Config>
      <Option Name="ConstrsType" Val="XDC"/>
    </Config>
  </FileSet>
  <FileSet Name="utils" Type="Utils" RelSrcDir="$PSRCDIR/utils_1">
    <Filter Type="Utils"/>
    <Config>
      <Option Name="TopAutoSet" Val="TRUE"/>
    </Config>
  </FileSet>
  <Strategy Version="1" Minor="2">
    <StratHandle Name="Vivado Synthesis Defaults" Flow="Vivado Synthesis 2020"/>
    <Step Id="synth_design"/>
  </Strategy>
  <BlockFileSet Type="BlockSrcs" Name="clk_wiz_0"/>
  <BlockFileSet Type="BlockSrcs" Name="vio_0"/>
</GenRun>
