<?xml version="1.0" encoding="UTF-8"?>
<!-- Product Version: Vivado v2019.2 (64-bit)                     -->
<!--                                                              -->
<!-- Copyright 1986-2019 Xilinx, Inc. All Rights Reserved.        -->

<hwsession version="1" minor="2">
  <device name="xc7a100t_0" gui_info="dashboard1=hw_vios[xc7a100t_0/hw_vio_1=VIO_PROBES_1;]"/>
  <ObjectList object_type="hw_device" gui_info="">
    <Object name="xc7a100t_0" gui_info="">
      <Properties Property="FULL_PROBES.FILE" value="$_project_name_.runs/impl_1/design_1_wrapper.ltx"/>
      <Properties Property="PROBES.FILE" value="$_project_name_.runs/impl_1/design_1_wrapper.ltx"/>
      <Properties Property="PROGRAM.HW_BITSTREAM" value="$_project_name_.runs/impl_1/design_1_wrapper.bit"/>
      <Properties Property="SLR.COUNT" value="1"/>
    </Object>
  </ObjectList>
  <ObjectList object_type="hw_probe" gui_info="">
    <Object name="design_1_i/present_0_block_o[63:0]" gui_info="hw_vios/hw_vio_1=3"/>
    <Object name="design_1_i/present_0_end_dec" gui_info="hw_vios/hw_vio_1=5"/>
    <Object name="design_1_i/present_0_end_enc" gui_info="hw_vios/hw_vio_1=0"/>
    <Object name="design_1_i/present_0_end_key_generation" gui_info="hw_vios/hw_vio_1=5"/>
    <Object name="design_1_i/present_0_end_signal" gui_info="hw_vios/hw_vio_1=6"/>
    <Object name="design_1_i/vio_0_probe_out0[63:0]" gui_info="hw_vios/hw_vio_1=0"/>
    <Object name="design_1_i/vio_0_probe_out1[79:0]" gui_info="hw_vios/hw_vio_1=1"/>
    <Object name="design_1_i/vio_0_probe_out2" gui_info="hw_vios/hw_vio_1=2"/>
    <Object name="design_1_i/vio_0_probe_out3" gui_info="hw_vios/hw_vio_1=4"/>
  </ObjectList>
  <probeset name="hw project" active="false">
    <probe type="vio_input" busType="bus" source="netlist" spec="VIO_INPUT_V2_RT">
      <probeOptions Id="DebugProbeParams">
        <Option Id="ACTIVITY_PERSISTENCE" value="SHORT"/>
        <Option Id="DISPLAY_HINT" value="0.InputDisplay:InputText;LED_Low:128,128,128,;LED_High:0,255,0,;|1.InputDisplay:InputText;LED_Low:128,128,128,;LED_High:0,255,0,;|2.InputDisplay:InputText;LED_Low:128,128,128,;LED_High:0,255,0,;|3.InputDisplay:InputText;LED_Low:128,128,128,;LED_High:0,255,0,;|4.InputDisplay:InputText;LED_Low:128,128,128,;LED_High:0,255,0,;|5.InputDisplay:InputText;LED_Low:128,128,128,;LED_High:0,255,0,;|6.InputDisplay:InputText;LED_Low:128,128,128,;LED_High:0,255,0,;|7.InputDisplay:InputText;LED_Low:128,128,128,;LED_High:0,255,0,;|8.InputDisplay:InputText;LED_Low:128,128,128,;LED_High:0,255,0,;|9.InputDisplay:InputText;LED_Low:128,128,128,;LED_High:0,255,0,;|10.InputDisplay:InputText;LED_Low:128,128,128,;LED_High:0,255,0,;|11.InputDisplay:InputText;LED_Low:128,128,128,;LED_High:0,255,0,;|12.InputDisplay:InputText;LED_Low:128,128,128,;LED_High:0,255,0,;|13.InputDisplay:InputText;LED_Low:128,128,128,;LED_High:0,255,0,;|14.InputDisplay:InputText;LED_Low:128,128,128,;LED_High:0,255,0,;|15.InputDisplay:InputText;LED_Low:128,128,128,;LED_High:0,255,0,;|16.InputDisplay:InputText;LED_Low:128,128,128,;LED_High:0,255,0,;|17.InputDisplay:InputText;LED_Low:128,128,128,;LED_High:0,255,0,;|18.InputDisplay:InputText;LED_Low:128,128,128,;LED_High:0,255,0,;|19.InputDisplay:InputText;LED_Low:128,128,128,;LED_High:0,255,0,;|20.InputDisplay:InputText;LED_Low:128,128,128,;LED_High:0,255,0,;|21.InputDisplay:InputText;LED_Low:128,128,128,;LED_High:0,255,0,;|22.InputDisplay:InputText;LED_Low:128,128,128,;LED_High:0,255,0,;|23.InputDisplay:InputText;LED_Low:128,128,128,;LED_High:0,255,0,;|24.InputDisplay:InputText;LED_Low:128,128,128,;LED_High:0,255,0,;|25.InputDisplay:InputText;LED_Low:128,128,128,;LED_High:0,255,0,;|26.InputDisplay:InputText;LED_Low:128,128,128,;LED_High:0,255,0,;|27.InputDisplay:InputText;LED_Low:128,128,128,;LED_High:0,255,0,;|28.InputDisplay:InputText;LED_Low:128,128,128,;LED_High:0,255,0,;|29.InputDisplay:InputText;LED_Low:128,128,128,;LED_High:0,255,0,;|30.InputDisplay:InputText;LED_Low:128,128,128,;LED_High:0,255,0,;|31.InputDisplay:InputText;LED_Low:128,128,128,;LED_High:0,255,0,;|32.InputDisplay:InputText;LED_Low:128,128,128,;LED_High:0,255,0,;|33.InputDisplay:InputText;LED_Low:128,128,128,;LED_High:0,255,0,;|34.InputDisplay:InputText;LED_Low:128,128,128,;LED_High:0,255,0,;|35.InputDisplay:InputText;LED_Low:128,128,128,;LED_High:0,255,0,;|36.InputDisplay:InputText;LED_Low:128,128,128,;LED_High:0,255,0,;|37.InputDisplay:InputText;LED_Low:128,128,128,;LED_High:0,255,0,;|38.InputDisplay:InputText;LED_Low:128,128,128,;LED_High:0,255,0,;|39.InputDisplay:InputText;LED_Low:128,128,128,;LED_High:0,255,0,;|40.InputDisplay:InputText;LED_Low:128,128,128,;LED_High:0,255,0,;|41.InputDisplay:InputText;LED_Low:128,128,128,;LED_High:0,255,0,;|42.InputDisplay:InputText;LED_Low:128,128,128,;LED_High:0,255,0,;|43.InputDisplay:InputText;LED_Low:128,128,128,;LED_High:0,255,0,;|44.InputDisplay:InputText;LED_Low:128,128,128,;LED_High:0,255,0,;|45.InputDisplay:InputText;LED_Low:128,128,128,;LED_High:0,255,0,;|46.InputDisplay:InputText;LED_Low:128,128,128,;LED_High:0,255,0,;|47.InputDisplay:InputText;LED_Low:128,128,128,;LED_High:0,255,0,;|48.InputDisplay:InputText;LED_Low:128,128,128,;LED_High:0,255,0,;|49.InputDisplay:InputText;LED_Low:128,128,128,;LED_High:0,255,0,;|50.InputDisplay:InputText;LED_Low:128,128,128,;LED_High:0,255,0,;|51.InputDisplay:InputText;LED_Low:128,128,128,;LED_High:0,255,0,;|52.InputDisplay:InputText;LED_Low:128,128,128,;LED_High:0,255,0,;|53.InputDisplay:InputText;LED_Low:128,128,128,;LED_High:0,255,0,;|54.InputDisplay:InputText;LED_Low:128,128,128,;LED_High:0,255,0,;|55.InputDisplay:InputText;LED_Low:128,128,128,;LED_High:0,255,0,;|56.InputDisplay:InputText;LED_Low:128,128,128,;LED_High:0,255,0,;|57.InputDisplay:InputText;LED_Low:128,128,128,;LED_High:0,255,0,;|58.InputDisplay:InputText;LED_Low:128,128,128,;LED_High:0,255,0,;|59.InputDisplay:InputText;LED_Low:128,128,128,;LED_High:0,255,0,;|60.InputDisplay:InputText;LED_Low:128,128,128,;LED_High:0,255,0,;|61.InputDisplay:InputText;LED_Low:128,128,128,;LED_High:0,255,0,;|62.InputDisplay:InputText;LED_Low:128,128,128,;LED_High:0,255,0,;|63.InputDisplay:InputText;LED_Low:128,128,128,;LED_High:0,255,0,;"/>
        <Option Id="DISPLAY_VISIBILITY" value=""/>
        <Option Id="HW_VIO" value="hw_vio_1"/>
        <Option Id="INPUT_VALUE_RADIX" value="HEX"/>
        <Option Id="NAME.CUSTOM" value=""/>
        <Option Id="NAME.SELECT" value="Long"/>
        <Option Id="SOURCE" value="netlist"/>
      </probeOptions>
      <nets>
        <net name="design_1_i/present_0_block_o[63]"/>
        <net name="design_1_i/present_0_block_o[62]"/>
        <net name="design_1_i/present_0_block_o[61]"/>
        <net name="design_1_i/present_0_block_o[60]"/>
        <net name="design_1_i/present_0_block_o[59]"/>
        <net name="design_1_i/present_0_block_o[58]"/>
        <net name="design_1_i/present_0_block_o[57]"/>
        <net name="design_1_i/present_0_block_o[56]"/>
        <net name="design_1_i/present_0_block_o[55]"/>
        <net name="design_1_i/present_0_block_o[54]"/>
        <net name="design_1_i/present_0_block_o[53]"/>
        <net name="design_1_i/present_0_block_o[52]"/>
        <net name="design_1_i/present_0_block_o[51]"/>
        <net name="design_1_i/present_0_block_o[50]"/>
        <net name="design_1_i/present_0_block_o[49]"/>
        <net name="design_1_i/present_0_block_o[48]"/>
        <net name="design_1_i/present_0_block_o[47]"/>
        <net name="design_1_i/present_0_block_o[46]"/>
        <net name="design_1_i/present_0_block_o[45]"/>
        <net name="design_1_i/present_0_block_o[44]"/>
        <net name="design_1_i/present_0_block_o[43]"/>
        <net name="design_1_i/present_0_block_o[42]"/>
        <net name="design_1_i/present_0_block_o[41]"/>
        <net name="design_1_i/present_0_block_o[40]"/>
        <net name="design_1_i/present_0_block_o[39]"/>
        <net name="design_1_i/present_0_block_o[38]"/>
        <net name="design_1_i/present_0_block_o[37]"/>
        <net name="design_1_i/present_0_block_o[36]"/>
        <net name="design_1_i/present_0_block_o[35]"/>
        <net name="design_1_i/present_0_block_o[34]"/>
        <net name="design_1_i/present_0_block_o[33]"/>
        <net name="design_1_i/present_0_block_o[32]"/>
        <net name="design_1_i/present_0_block_o[31]"/>
        <net name="design_1_i/present_0_block_o[30]"/>
        <net name="design_1_i/present_0_block_o[29]"/>
        <net name="design_1_i/present_0_block_o[28]"/>
        <net name="design_1_i/present_0_block_o[27]"/>
        <net name="design_1_i/present_0_block_o[26]"/>
        <net name="design_1_i/present_0_block_o[25]"/>
        <net name="design_1_i/present_0_block_o[24]"/>
        <net name="design_1_i/present_0_block_o[23]"/>
        <net name="design_1_i/present_0_block_o[22]"/>
        <net name="design_1_i/present_0_block_o[21]"/>
        <net name="design_1_i/present_0_block_o[20]"/>
        <net name="design_1_i/present_0_block_o[19]"/>
        <net name="design_1_i/present_0_block_o[18]"/>
        <net name="design_1_i/present_0_block_o[17]"/>
        <net name="design_1_i/present_0_block_o[16]"/>
        <net name="design_1_i/present_0_block_o[15]"/>
        <net name="design_1_i/present_0_block_o[14]"/>
        <net name="design_1_i/present_0_block_o[13]"/>
        <net name="design_1_i/present_0_block_o[12]"/>
        <net name="design_1_i/present_0_block_o[11]"/>
        <net name="design_1_i/present_0_block_o[10]"/>
        <net name="design_1_i/present_0_block_o[9]"/>
        <net name="design_1_i/present_0_block_o[8]"/>
        <net name="design_1_i/present_0_block_o[7]"/>
        <net name="design_1_i/present_0_block_o[6]"/>
        <net name="design_1_i/present_0_block_o[5]"/>
        <net name="design_1_i/present_0_block_o[4]"/>
        <net name="design_1_i/present_0_block_o[3]"/>
        <net name="design_1_i/present_0_block_o[2]"/>
        <net name="design_1_i/present_0_block_o[1]"/>
        <net name="design_1_i/present_0_block_o[0]"/>
      </nets>
    </probe>
    <probe type="vio_input" busType="net" source="netlist" spec="VIO_INPUT_V2_RT">
      <probeOptions Id="DebugProbeParams">
        <Option Id="ACTIVITY_PERSISTENCE" value="SHORT"/>
        <Option Id="DISPLAY_HINT" value="InputDisplay:LED;LED_Low:128,128,128,;LED_High:0,255,0,;"/>
        <Option Id="DISPLAY_VISIBILITY" value=""/>
        <Option Id="HW_VIO" value="hw_vio_1"/>
        <Option Id="INPUT_VALUE_RADIX" value="BINARY"/>
        <Option Id="NAME.CUSTOM" value=""/>
        <Option Id="NAME.SELECT" value="Long"/>
        <Option Id="SOURCE" value="netlist"/>
      </probeOptions>
      <nets>
        <net name="design_1_i/present_0_end_dec"/>
      </nets>
    </probe>
    <probe type="vio_input" busType="net" source="netlist" spec="VIO_INPUT_V2_RT">
      <probeOptions Id="DebugProbeParams">
        <Option Id="ACTIVITY_PERSISTENCE" value="SHORT"/>
        <Option Id="DISPLAY_HINT" value="InputDisplay:LED;LED_Low:128,128,128,;LED_High:0,255,0,;"/>
        <Option Id="DISPLAY_VISIBILITY" value=""/>
        <Option Id="HW_VIO" value="hw_vio_1"/>
        <Option Id="INPUT_VALUE_RADIX" value="BINARY"/>
        <Option Id="NAME.CUSTOM" value=""/>
        <Option Id="NAME.SELECT" value="Long"/>
        <Option Id="SOURCE" value="netlist"/>
      </probeOptions>
      <nets>
        <net name="design_1_i/present_0_end_enc"/>
      </nets>
    </probe>
    <probe type="vio_input" busType="net" source="netlist" spec="VIO_INPUT_V2_RT">
      <probeOptions Id="DebugProbeParams">
        <Option Id="ACTIVITY_PERSISTENCE" value="SHORT"/>
        <Option Id="DISPLAY_HINT" value="InputDisplay:LED;LED_Low:128,128,128,;LED_High:0,0,255,;"/>
        <Option Id="DISPLAY_VISIBILITY" value=""/>
        <Option Id="HW_VIO" value="hw_vio_1"/>
        <Option Id="INPUT_VALUE_RADIX" value="BINARY"/>
        <Option Id="NAME.CUSTOM" value=""/>
        <Option Id="NAME.SELECT" value="Long"/>
        <Option Id="SOURCE" value="netlist"/>
      </probeOptions>
      <nets>
        <net name="design_1_i/present_0_end_key_generation"/>
      </nets>
    </probe>
    <probe type="vio_input" busType="net" source="netlist" spec="VIO_INPUT_V2_RT">
      <probeOptions Id="DebugProbeParams">
        <Option Id="ACTIVITY_PERSISTENCE" value="SHORT"/>
        <Option Id="DISPLAY_HINT" value=""/>
        <Option Id="DISPLAY_VISIBILITY" value=""/>
        <Option Id="HW_VIO" value="hw_vio_1"/>
        <Option Id="INPUT_VALUE_RADIX" value="BINARY"/>
        <Option Id="NAME.CUSTOM" value=""/>
        <Option Id="NAME.SELECT" value="Long"/>
        <Option Id="SOURCE" value="netlist"/>
      </probeOptions>
      <nets>
        <net name="design_1_i/present_0_end_signal"/>
      </nets>
    </probe>
    <probe type="vio_output" busType="bus" source="netlist" spec="VIO_OUTPUT_V2_RT">
      <probeOptions Id="DebugProbeParams">
        <Option Id="DISPLAY_HINT" value=""/>
        <Option Id="DISPLAY_VISIBILITY" value=""/>
        <Option Id="HW_VIO" value="hw_vio_1"/>
        <Option Id="NAME.CUSTOM" value=""/>
        <Option Id="NAME.SELECT" value="Long"/>
        <Option Id="OUTPUT_VALUE" value="01e2d517fa53ceb7"/>
        <Option Id="OUTPUT_VALUE_RADIX" value="HEX"/>
        <Option Id="SOURCE" value="netlist"/>
      </probeOptions>
      <nets>
        <net name="design_1_i/vio_0_probe_out0[63]"/>
        <net name="design_1_i/vio_0_probe_out0[62]"/>
        <net name="design_1_i/vio_0_probe_out0[61]"/>
        <net name="design_1_i/vio_0_probe_out0[60]"/>
        <net name="design_1_i/vio_0_probe_out0[59]"/>
        <net name="design_1_i/vio_0_probe_out0[58]"/>
        <net name="design_1_i/vio_0_probe_out0[57]"/>
        <net name="design_1_i/vio_0_probe_out0[56]"/>
        <net name="design_1_i/vio_0_probe_out0[55]"/>
        <net name="design_1_i/vio_0_probe_out0[54]"/>
        <net name="design_1_i/vio_0_probe_out0[53]"/>
        <net name="design_1_i/vio_0_probe_out0[52]"/>
        <net name="design_1_i/vio_0_probe_out0[51]"/>
        <net name="design_1_i/vio_0_probe_out0[50]"/>
        <net name="design_1_i/vio_0_probe_out0[49]"/>
        <net name="design_1_i/vio_0_probe_out0[48]"/>
        <net name="design_1_i/vio_0_probe_out0[47]"/>
        <net name="design_1_i/vio_0_probe_out0[46]"/>
        <net name="design_1_i/vio_0_probe_out0[45]"/>
        <net name="design_1_i/vio_0_probe_out0[44]"/>
        <net name="design_1_i/vio_0_probe_out0[43]"/>
        <net name="design_1_i/vio_0_probe_out0[42]"/>
        <net name="design_1_i/vio_0_probe_out0[41]"/>
        <net name="design_1_i/vio_0_probe_out0[40]"/>
        <net name="design_1_i/vio_0_probe_out0[39]"/>
        <net name="design_1_i/vio_0_probe_out0[38]"/>
        <net name="design_1_i/vio_0_probe_out0[37]"/>
        <net name="design_1_i/vio_0_probe_out0[36]"/>
        <net name="design_1_i/vio_0_probe_out0[35]"/>
        <net name="design_1_i/vio_0_probe_out0[34]"/>
        <net name="design_1_i/vio_0_probe_out0[33]"/>
        <net name="design_1_i/vio_0_probe_out0[32]"/>
        <net name="design_1_i/vio_0_probe_out0[31]"/>
        <net name="design_1_i/vio_0_probe_out0[30]"/>
        <net name="design_1_i/vio_0_probe_out0[29]"/>
        <net name="design_1_i/vio_0_probe_out0[28]"/>
        <net name="design_1_i/vio_0_probe_out0[27]"/>
        <net name="design_1_i/vio_0_probe_out0[26]"/>
        <net name="design_1_i/vio_0_probe_out0[25]"/>
        <net name="design_1_i/vio_0_probe_out0[24]"/>
        <net name="design_1_i/vio_0_probe_out0[23]"/>
        <net name="design_1_i/vio_0_probe_out0[22]"/>
        <net name="design_1_i/vio_0_probe_out0[21]"/>
        <net name="design_1_i/vio_0_probe_out0[20]"/>
        <net name="design_1_i/vio_0_probe_out0[19]"/>
        <net name="design_1_i/vio_0_probe_out0[18]"/>
        <net name="design_1_i/vio_0_probe_out0[17]"/>
        <net name="design_1_i/vio_0_probe_out0[16]"/>
        <net name="design_1_i/vio_0_probe_out0[15]"/>
        <net name="design_1_i/vio_0_probe_out0[14]"/>
        <net name="design_1_i/vio_0_probe_out0[13]"/>
        <net name="design_1_i/vio_0_probe_out0[12]"/>
        <net name="design_1_i/vio_0_probe_out0[11]"/>
        <net name="design_1_i/vio_0_probe_out0[10]"/>
        <net name="design_1_i/vio_0_probe_out0[9]"/>
        <net name="design_1_i/vio_0_probe_out0[8]"/>
        <net name="design_1_i/vio_0_probe_out0[7]"/>
        <net name="design_1_i/vio_0_probe_out0[6]"/>
        <net name="design_1_i/vio_0_probe_out0[5]"/>
        <net name="design_1_i/vio_0_probe_out0[4]"/>
        <net name="design_1_i/vio_0_probe_out0[3]"/>
        <net name="design_1_i/vio_0_probe_out0[2]"/>
        <net name="design_1_i/vio_0_probe_out0[1]"/>
        <net name="design_1_i/vio_0_probe_out0[0]"/>
      </nets>
    </probe>
    <probe type="vio_output" busType="bus" source="netlist" spec="VIO_OUTPUT_V2_RT">
      <probeOptions Id="DebugProbeParams">
        <Option Id="DISPLAY_HINT" value=""/>
        <Option Id="DISPLAY_VISIBILITY" value=""/>
        <Option Id="HW_VIO" value="hw_vio_1"/>
        <Option Id="NAME.CUSTOM" value=""/>
        <Option Id="NAME.SELECT" value="Long"/>
        <Option Id="OUTPUT_VALUE" value="000028eca1f7ec5c6084"/>
        <Option Id="OUTPUT_VALUE_RADIX" value="HEX"/>
        <Option Id="SOURCE" value="netlist"/>
      </probeOptions>
      <nets>
        <net name="design_1_i/vio_0_probe_out1[79]"/>
        <net name="design_1_i/vio_0_probe_out1[78]"/>
        <net name="design_1_i/vio_0_probe_out1[77]"/>
        <net name="design_1_i/vio_0_probe_out1[76]"/>
        <net name="design_1_i/vio_0_probe_out1[75]"/>
        <net name="design_1_i/vio_0_probe_out1[74]"/>
        <net name="design_1_i/vio_0_probe_out1[73]"/>
        <net name="design_1_i/vio_0_probe_out1[72]"/>
        <net name="design_1_i/vio_0_probe_out1[71]"/>
        <net name="design_1_i/vio_0_probe_out1[70]"/>
        <net name="design_1_i/vio_0_probe_out1[69]"/>
        <net name="design_1_i/vio_0_probe_out1[68]"/>
        <net name="design_1_i/vio_0_probe_out1[67]"/>
        <net name="design_1_i/vio_0_probe_out1[66]"/>
        <net name="design_1_i/vio_0_probe_out1[65]"/>
        <net name="design_1_i/vio_0_probe_out1[64]"/>
        <net name="design_1_i/vio_0_probe_out1[63]"/>
        <net name="design_1_i/vio_0_probe_out1[62]"/>
        <net name="design_1_i/vio_0_probe_out1[61]"/>
        <net name="design_1_i/vio_0_probe_out1[60]"/>
        <net name="design_1_i/vio_0_probe_out1[59]"/>
        <net name="design_1_i/vio_0_probe_out1[58]"/>
        <net name="design_1_i/vio_0_probe_out1[57]"/>
        <net name="design_1_i/vio_0_probe_out1[56]"/>
        <net name="design_1_i/vio_0_probe_out1[55]"/>
        <net name="design_1_i/vio_0_probe_out1[54]"/>
        <net name="design_1_i/vio_0_probe_out1[53]"/>
        <net name="design_1_i/vio_0_probe_out1[52]"/>
        <net name="design_1_i/vio_0_probe_out1[51]"/>
        <net name="design_1_i/vio_0_probe_out1[50]"/>
        <net name="design_1_i/vio_0_probe_out1[49]"/>
        <net name="design_1_i/vio_0_probe_out1[48]"/>
        <net name="design_1_i/vio_0_probe_out1[47]"/>
        <net name="design_1_i/vio_0_probe_out1[46]"/>
        <net name="design_1_i/vio_0_probe_out1[45]"/>
        <net name="design_1_i/vio_0_probe_out1[44]"/>
        <net name="design_1_i/vio_0_probe_out1[43]"/>
        <net name="design_1_i/vio_0_probe_out1[42]"/>
        <net name="design_1_i/vio_0_probe_out1[41]"/>
        <net name="design_1_i/vio_0_probe_out1[40]"/>
        <net name="design_1_i/vio_0_probe_out1[39]"/>
        <net name="design_1_i/vio_0_probe_out1[38]"/>
        <net name="design_1_i/vio_0_probe_out1[37]"/>
        <net name="design_1_i/vio_0_probe_out1[36]"/>
        <net name="design_1_i/vio_0_probe_out1[35]"/>
        <net name="design_1_i/vio_0_probe_out1[34]"/>
        <net name="design_1_i/vio_0_probe_out1[33]"/>
        <net name="design_1_i/vio_0_probe_out1[32]"/>
        <net name="design_1_i/vio_0_probe_out1[31]"/>
        <net name="design_1_i/vio_0_probe_out1[30]"/>
        <net name="design_1_i/vio_0_probe_out1[29]"/>
        <net name="design_1_i/vio_0_probe_out1[28]"/>
        <net name="design_1_i/vio_0_probe_out1[27]"/>
        <net name="design_1_i/vio_0_probe_out1[26]"/>
        <net name="design_1_i/vio_0_probe_out1[25]"/>
        <net name="design_1_i/vio_0_probe_out1[24]"/>
        <net name="design_1_i/vio_0_probe_out1[23]"/>
        <net name="design_1_i/vio_0_probe_out1[22]"/>
        <net name="design_1_i/vio_0_probe_out1[21]"/>
        <net name="design_1_i/vio_0_probe_out1[20]"/>
        <net name="design_1_i/vio_0_probe_out1[19]"/>
        <net name="design_1_i/vio_0_probe_out1[18]"/>
        <net name="design_1_i/vio_0_probe_out1[17]"/>
        <net name="design_1_i/vio_0_probe_out1[16]"/>
        <net name="design_1_i/vio_0_probe_out1[15]"/>
        <net name="design_1_i/vio_0_probe_out1[14]"/>
        <net name="design_1_i/vio_0_probe_out1[13]"/>
        <net name="design_1_i/vio_0_probe_out1[12]"/>
        <net name="design_1_i/vio_0_probe_out1[11]"/>
        <net name="design_1_i/vio_0_probe_out1[10]"/>
        <net name="design_1_i/vio_0_probe_out1[9]"/>
        <net name="design_1_i/vio_0_probe_out1[8]"/>
        <net name="design_1_i/vio_0_probe_out1[7]"/>
        <net name="design_1_i/vio_0_probe_out1[6]"/>
        <net name="design_1_i/vio_0_probe_out1[5]"/>
        <net name="design_1_i/vio_0_probe_out1[4]"/>
        <net name="design_1_i/vio_0_probe_out1[3]"/>
        <net name="design_1_i/vio_0_probe_out1[2]"/>
        <net name="design_1_i/vio_0_probe_out1[1]"/>
        <net name="design_1_i/vio_0_probe_out1[0]"/>
      </nets>
    </probe>
    <probe type="vio_output" busType="net" source="netlist" spec="VIO_OUTPUT_V2_RT">
      <probeOptions Id="DebugProbeParams">
        <Option Id="DISPLAY_HINT" value="OutputDisplay:OutputText;"/>
        <Option Id="DISPLAY_VISIBILITY" value=""/>
        <Option Id="HW_VIO" value="hw_vio_1"/>
        <Option Id="NAME.CUSTOM" value=""/>
        <Option Id="NAME.SELECT" value="Long"/>
        <Option Id="OUTPUT_VALUE" value="1"/>
        <Option Id="OUTPUT_VALUE_RADIX" value="BINARY"/>
        <Option Id="SOURCE" value="netlist"/>
      </probeOptions>
      <nets>
        <net name="design_1_i/vio_0_probe_out2"/>
      </nets>
    </probe>
    <probe type="vio_output" busType="net" source="netlist" spec="VIO_OUTPUT_V2_RT">
      <probeOptions Id="DebugProbeParams">
        <Option Id="DISPLAY_HINT" value="OutputDisplay:OutputText;"/>
        <Option Id="DISPLAY_VISIBILITY" value=""/>
        <Option Id="HW_VIO" value="hw_vio_1"/>
        <Option Id="NAME.CUSTOM" value=""/>
        <Option Id="NAME.SELECT" value="Long"/>
        <Option Id="OUTPUT_VALUE" value="0"/>
        <Option Id="OUTPUT_VALUE_RADIX" value="BINARY"/>
        <Option Id="SOURCE" value="netlist"/>
      </probeOptions>
      <nets>
        <net name="design_1_i/vio_0_probe_out3"/>
      </nets>
    </probe>
  </probeset>
</hwsession>
