<?xml version="1.0" encoding="UTF-8"?>
<!-- Product Version: Vivado v2020.1 (64-bit)                     -->
<!--                                                              -->
<!-- Copyright 1986-2020 Xilinx, Inc. All Rights Reserved.        -->

<hwsession version="1" minor="2">
  <device name="xc7a100t_0" gui_info="dashboard1=hw_vios[xc7a100t_0/hw_vio_1=VIO_PROBES_1;]"/>
  <ObjectList object_type="hw_device" gui_info="">
    <Object name="xc7a100t_0" gui_info="">
      <Properties Property="FULL_PROBES.FILE" value="$_project_name_.runs/impl_1/top.ltx"/>
      <Properties Property="PROBES.FILE" value="$_project_name_.runs/impl_1/top.ltx"/>
      <Properties Property="PROGRAM.HW_BITSTREAM" value="$_project_name_.runs/impl_1/top.bit"/>
      <Properties Property="SLR.COUNT" value="1"/>
    </Object>
  </ObjectList>
  <ObjectList object_type="hw_probe" gui_info="">
    <Object name="block_i[63:0]" gui_info="hw_vios/hw_vio_1=0"/>
    <Object name="block_o[63:0]" gui_info="hw_vios/hw_vio_1=1"/>
    <Object name="enc_dec" gui_info="hw_vios/hw_vio_1=2"/>
    <Object name="end_signal" gui_info="hw_vios/hw_vio_1=3"/>
    <Object name="key[79:0]" gui_info="hw_vios/hw_vio_1=4"/>
    <Object name="rst_uut" gui_info="hw_vios/hw_vio_1=5"/>
  </ObjectList>
  <ObjectList object_type="hw_vio" gui_info="">
    <Object name="vio_impl" gui_info="">
      <Properties Property="CORE_REFRESH_RATE_MS" value="0"/>
    </Object>
  </ObjectList>
  <probeset name="hw project" active="false">
    <probe type="vio_input" busType="bus" source="netlist" spec="VIO_INPUT_V2_RT">
      <probeOptions Id="DebugProbeParams">
        <Option Id="ACTIVITY_PERSISTENCE" value="SHORT"/>
        <Option Id="DISPLAY_HINT" value=""/>
        <Option Id="DISPLAY_VISIBILITY" value=""/>
        <Option Id="HW_VIO" value="hw_vio_1"/>
        <Option Id="INPUT_VALUE_RADIX" value="HEX"/>
        <Option Id="NAME.CUSTOM" value=""/>
        <Option Id="NAME.SELECT" value="Long"/>
        <Option Id="SOURCE" value="netlist"/>
      </probeOptions>
      <nets>
        <net name="block_o[63]"/>
        <net name="block_o[62]"/>
        <net name="block_o[61]"/>
        <net name="block_o[60]"/>
        <net name="block_o[59]"/>
        <net name="block_o[58]"/>
        <net name="block_o[57]"/>
        <net name="block_o[56]"/>
        <net name="block_o[55]"/>
        <net name="block_o[54]"/>
        <net name="block_o[53]"/>
        <net name="block_o[52]"/>
        <net name="block_o[51]"/>
        <net name="block_o[50]"/>
        <net name="block_o[49]"/>
        <net name="block_o[48]"/>
        <net name="block_o[47]"/>
        <net name="block_o[46]"/>
        <net name="block_o[45]"/>
        <net name="block_o[44]"/>
        <net name="block_o[43]"/>
        <net name="block_o[42]"/>
        <net name="block_o[41]"/>
        <net name="block_o[40]"/>
        <net name="block_o[39]"/>
        <net name="block_o[38]"/>
        <net name="block_o[37]"/>
        <net name="block_o[36]"/>
        <net name="block_o[35]"/>
        <net name="block_o[34]"/>
        <net name="block_o[33]"/>
        <net name="block_o[32]"/>
        <net name="block_o[31]"/>
        <net name="block_o[30]"/>
        <net name="block_o[29]"/>
        <net name="block_o[28]"/>
        <net name="block_o[27]"/>
        <net name="block_o[26]"/>
        <net name="block_o[25]"/>
        <net name="block_o[24]"/>
        <net name="block_o[23]"/>
        <net name="block_o[22]"/>
        <net name="block_o[21]"/>
        <net name="block_o[20]"/>
        <net name="block_o[19]"/>
        <net name="block_o[18]"/>
        <net name="block_o[17]"/>
        <net name="block_o[16]"/>
        <net name="block_o[15]"/>
        <net name="block_o[14]"/>
        <net name="block_o[13]"/>
        <net name="block_o[12]"/>
        <net name="block_o[11]"/>
        <net name="block_o[10]"/>
        <net name="block_o[9]"/>
        <net name="block_o[8]"/>
        <net name="block_o[7]"/>
        <net name="block_o[6]"/>
        <net name="block_o[5]"/>
        <net name="block_o[4]"/>
        <net name="block_o[3]"/>
        <net name="block_o[2]"/>
        <net name="block_o[1]"/>
        <net name="block_o[0]"/>
      </nets>
    </probe>
    <probe type="vio_input" busType="net" source="netlist" spec="VIO_INPUT_V2_RT">
      <probeOptions Id="DebugProbeParams">
        <Option Id="ACTIVITY_PERSISTENCE" value="SHORT"/>
        <Option Id="DISPLAY_HINT" value=""/>
        <Option Id="DISPLAY_VISIBILITY" value=""/>
        <Option Id="HW_VIO" value="hw_vio_1"/>
        <Option Id="INPUT_VALUE_RADIX" value="BINARY"/>
        <Option Id="NAME.CUSTOM" value=""/>
        <Option Id="NAME.SELECT" value="Long"/>
        <Option Id="SOURCE" value="netlist"/>
      </probeOptions>
      <nets>
        <net name="end_signal"/>
      </nets>
    </probe>
    <probe type="vio_output" busType="bus" source="netlist" spec="VIO_OUTPUT_V2_RT">
      <probeOptions Id="DebugProbeParams">
        <Option Id="DISPLAY_HINT" value=""/>
        <Option Id="DISPLAY_VISIBILITY" value=""/>
        <Option Id="HW_VIO" value="hw_vio_1"/>
        <Option Id="NAME.CUSTOM" value=""/>
        <Option Id="NAME.SELECT" value="Long"/>
        <Option Id="OUTPUT_VALUE" value="115220a3125238ab"/>
        <Option Id="OUTPUT_VALUE_RADIX" value="HEX"/>
        <Option Id="SOURCE" value="netlist"/>
      </probeOptions>
      <nets>
        <net name="block_i[63]"/>
        <net name="block_i[62]"/>
        <net name="block_i[61]"/>
        <net name="block_i[60]"/>
        <net name="block_i[59]"/>
        <net name="block_i[58]"/>
        <net name="block_i[57]"/>
        <net name="block_i[56]"/>
        <net name="block_i[55]"/>
        <net name="block_i[54]"/>
        <net name="block_i[53]"/>
        <net name="block_i[52]"/>
        <net name="block_i[51]"/>
        <net name="block_i[50]"/>
        <net name="block_i[49]"/>
        <net name="block_i[48]"/>
        <net name="block_i[47]"/>
        <net name="block_i[46]"/>
        <net name="block_i[45]"/>
        <net name="block_i[44]"/>
        <net name="block_i[43]"/>
        <net name="block_i[42]"/>
        <net name="block_i[41]"/>
        <net name="block_i[40]"/>
        <net name="block_i[39]"/>
        <net name="block_i[38]"/>
        <net name="block_i[37]"/>
        <net name="block_i[36]"/>
        <net name="block_i[35]"/>
        <net name="block_i[34]"/>
        <net name="block_i[33]"/>
        <net name="block_i[32]"/>
        <net name="block_i[31]"/>
        <net name="block_i[30]"/>
        <net name="block_i[29]"/>
        <net name="block_i[28]"/>
        <net name="block_i[27]"/>
        <net name="block_i[26]"/>
        <net name="block_i[25]"/>
        <net name="block_i[24]"/>
        <net name="block_i[23]"/>
        <net name="block_i[22]"/>
        <net name="block_i[21]"/>
        <net name="block_i[20]"/>
        <net name="block_i[19]"/>
        <net name="block_i[18]"/>
        <net name="block_i[17]"/>
        <net name="block_i[16]"/>
        <net name="block_i[15]"/>
        <net name="block_i[14]"/>
        <net name="block_i[13]"/>
        <net name="block_i[12]"/>
        <net name="block_i[11]"/>
        <net name="block_i[10]"/>
        <net name="block_i[9]"/>
        <net name="block_i[8]"/>
        <net name="block_i[7]"/>
        <net name="block_i[6]"/>
        <net name="block_i[5]"/>
        <net name="block_i[4]"/>
        <net name="block_i[3]"/>
        <net name="block_i[2]"/>
        <net name="block_i[1]"/>
        <net name="block_i[0]"/>
      </nets>
    </probe>
    <probe type="vio_output" busType="net" source="netlist" spec="VIO_OUTPUT_V2_RT">
      <probeOptions Id="DebugProbeParams">
        <Option Id="DISPLAY_HINT" value=""/>
        <Option Id="DISPLAY_VISIBILITY" value=""/>
        <Option Id="HW_VIO" value="hw_vio_1"/>
        <Option Id="NAME.CUSTOM" value=""/>
        <Option Id="NAME.SELECT" value="Long"/>
        <Option Id="OUTPUT_VALUE" value="1"/>
        <Option Id="OUTPUT_VALUE_RADIX" value="BINARY"/>
        <Option Id="SOURCE" value="netlist"/>
      </probeOptions>
      <nets>
        <net name="enc_dec"/>
      </nets>
    </probe>
    <probe type="vio_output" busType="bus" source="netlist" spec="VIO_OUTPUT_V2_RT">
      <probeOptions Id="DebugProbeParams">
        <Option Id="DISPLAY_HINT" value=""/>
        <Option Id="DISPLAY_VISIBILITY" value=""/>
        <Option Id="HW_VIO" value="hw_vio_1"/>
        <Option Id="NAME.CUSTOM" value=""/>
        <Option Id="NAME.SELECT" value="Long"/>
        <Option Id="OUTPUT_VALUE" value="00003aa1e9f2b30557d8"/>
        <Option Id="OUTPUT_VALUE_RADIX" value="HEX"/>
        <Option Id="SOURCE" value="netlist"/>
      </probeOptions>
      <nets>
        <net name="key[79]"/>
        <net name="key[78]"/>
        <net name="key[77]"/>
        <net name="key[76]"/>
        <net name="key[75]"/>
        <net name="key[74]"/>
        <net name="key[73]"/>
        <net name="key[72]"/>
        <net name="key[71]"/>
        <net name="key[70]"/>
        <net name="key[69]"/>
        <net name="key[68]"/>
        <net name="key[67]"/>
        <net name="key[66]"/>
        <net name="key[65]"/>
        <net name="key[64]"/>
        <net name="key[63]"/>
        <net name="key[62]"/>
        <net name="key[61]"/>
        <net name="key[60]"/>
        <net name="key[59]"/>
        <net name="key[58]"/>
        <net name="key[57]"/>
        <net name="key[56]"/>
        <net name="key[55]"/>
        <net name="key[54]"/>
        <net name="key[53]"/>
        <net name="key[52]"/>
        <net name="key[51]"/>
        <net name="key[50]"/>
        <net name="key[49]"/>
        <net name="key[48]"/>
        <net name="key[47]"/>
        <net name="key[46]"/>
        <net name="key[45]"/>
        <net name="key[44]"/>
        <net name="key[43]"/>
        <net name="key[42]"/>
        <net name="key[41]"/>
        <net name="key[40]"/>
        <net name="key[39]"/>
        <net name="key[38]"/>
        <net name="key[37]"/>
        <net name="key[36]"/>
        <net name="key[35]"/>
        <net name="key[34]"/>
        <net name="key[33]"/>
        <net name="key[32]"/>
        <net name="key[31]"/>
        <net name="key[30]"/>
        <net name="key[29]"/>
        <net name="key[28]"/>
        <net name="key[27]"/>
        <net name="key[26]"/>
        <net name="key[25]"/>
        <net name="key[24]"/>
        <net name="key[23]"/>
        <net name="key[22]"/>
        <net name="key[21]"/>
        <net name="key[20]"/>
        <net name="key[19]"/>
        <net name="key[18]"/>
        <net name="key[17]"/>
        <net name="key[16]"/>
        <net name="key[15]"/>
        <net name="key[14]"/>
        <net name="key[13]"/>
        <net name="key[12]"/>
        <net name="key[11]"/>
        <net name="key[10]"/>
        <net name="key[9]"/>
        <net name="key[8]"/>
        <net name="key[7]"/>
        <net name="key[6]"/>
        <net name="key[5]"/>
        <net name="key[4]"/>
        <net name="key[3]"/>
        <net name="key[2]"/>
        <net name="key[1]"/>
        <net name="key[0]"/>
      </nets>
    </probe>
    <probe type="vio_output" busType="net" source="netlist" spec="VIO_OUTPUT_V2_RT">
      <probeOptions Id="DebugProbeParams">
        <Option Id="DISPLAY_HINT" value=""/>
        <Option Id="DISPLAY_VISIBILITY" value=""/>
        <Option Id="HW_VIO" value="hw_vio_1"/>
        <Option Id="NAME.CUSTOM" value=""/>
        <Option Id="NAME.SELECT" value="Long"/>
        <Option Id="OUTPUT_VALUE" value="0"/>
        <Option Id="OUTPUT_VALUE_RADIX" value="BINARY"/>
        <Option Id="SOURCE" value="netlist"/>
      </probeOptions>
      <nets>
        <net name="rst_uut"/>
      </nets>
    </probe>
  </probeset>
</hwsession>
