<?xml version="1.0" encoding="UTF-8"?>
<!-- Product Version: Vivado v2020.1 (64-bit)                     -->
<!--                                                              -->
<!-- Copyright 1986-2020 Xilinx, Inc. All Rights Reserved.        -->

<hwsession version="1" minor="2">
  <device name="xc7a100t_0" gui_info="dashboard1=hw_vios[xc7a100t_0/hw_vio_1=VIO_PROBES_1;]"/>
  <ObjectList object_type="hw_device" gui_info="">
    <Object name="xc7a100t_0" gui_info="">
      <Properties Property="FULL_PROBES.FILE" value="$_project_name_.runs/impl_1/top.ltx"/>
      <Properties Property="PROBES.FILE" value="$_project_name_.runs/impl_1/top.ltx"/>
      <Properties Property="PROGRAM.HW_BITSTREAM" value="$_project_name_.runs/impl_1/top.bit"/>
      <Properties Property="SLR.COUNT" value="1"/>
    </Object>
  </ObjectList>
  <ObjectList object_type="hw_probe" gui_info="">
    <Object name="clk_sel[1:0]" gui_info="hw_vios/hw_vio_1=0"/>
    <Object name="end_uut" gui_info="hw_vios/hw_vio_1=1"/>
    <Object name="hash_o_uut[87:0]" gui_info="hw_vios/hw_vio_1=2"/>
    <Object name="msg_uut[63:0]" gui_info="hw_vios/hw_vio_1=3"/>
    <Object name="rst_uut" gui_info="hw_vios/hw_vio_1=4"/>
  </ObjectList>
  <ObjectList object_type="hw_vio" gui_info="">
    <Object name="vio_impl" gui_info="">
      <Properties Property="CORE_REFRESH_RATE_MS" value="0"/>
    </Object>
  </ObjectList>
  <probeset name="hw project" active="false">
    <probe type="vio_input" busType="net" source="netlist" spec="VIO_INPUT_V2_RT">
      <probeOptions Id="DebugProbeParams">
        <Option Id="ACTIVITY_PERSISTENCE" value="SHORT"/>
        <Option Id="DISPLAY_HINT" value=""/>
        <Option Id="DISPLAY_VISIBILITY" value=""/>
        <Option Id="HW_VIO" value="hw_vio_1"/>
        <Option Id="INPUT_VALUE_RADIX" value="BINARY"/>
        <Option Id="NAME.CUSTOM" value=""/>
        <Option Id="NAME.SELECT" value="Long"/>
        <Option Id="SOURCE" value="netlist"/>
      </probeOptions>
      <nets>
        <net name="end_uut"/>
      </nets>
    </probe>
    <probe type="vio_input" busType="bus" source="netlist" spec="VIO_INPUT_V2_RT">
      <probeOptions Id="DebugProbeParams">
        <Option Id="ACTIVITY_PERSISTENCE" value="SHORT"/>
        <Option Id="DISPLAY_HINT" value=""/>
        <Option Id="DISPLAY_VISIBILITY" value=""/>
        <Option Id="HW_VIO" value="hw_vio_1"/>
        <Option Id="INPUT_VALUE_RADIX" value="HEX"/>
        <Option Id="NAME.CUSTOM" value=""/>
        <Option Id="NAME.SELECT" value="Long"/>
        <Option Id="SOURCE" value="netlist"/>
      </probeOptions>
      <nets>
        <net name="hash_o_uut[87]"/>
        <net name="hash_o_uut[86]"/>
        <net name="hash_o_uut[85]"/>
        <net name="hash_o_uut[84]"/>
        <net name="hash_o_uut[83]"/>
        <net name="hash_o_uut[82]"/>
        <net name="hash_o_uut[81]"/>
        <net name="hash_o_uut[80]"/>
        <net name="hash_o_uut[79]"/>
        <net name="hash_o_uut[78]"/>
        <net name="hash_o_uut[77]"/>
        <net name="hash_o_uut[76]"/>
        <net name="hash_o_uut[75]"/>
        <net name="hash_o_uut[74]"/>
        <net name="hash_o_uut[73]"/>
        <net name="hash_o_uut[72]"/>
        <net name="hash_o_uut[71]"/>
        <net name="hash_o_uut[70]"/>
        <net name="hash_o_uut[69]"/>
        <net name="hash_o_uut[68]"/>
        <net name="hash_o_uut[67]"/>
        <net name="hash_o_uut[66]"/>
        <net name="hash_o_uut[65]"/>
        <net name="hash_o_uut[64]"/>
        <net name="hash_o_uut[63]"/>
        <net name="hash_o_uut[62]"/>
        <net name="hash_o_uut[61]"/>
        <net name="hash_o_uut[60]"/>
        <net name="hash_o_uut[59]"/>
        <net name="hash_o_uut[58]"/>
        <net name="hash_o_uut[57]"/>
        <net name="hash_o_uut[56]"/>
        <net name="hash_o_uut[55]"/>
        <net name="hash_o_uut[54]"/>
        <net name="hash_o_uut[53]"/>
        <net name="hash_o_uut[52]"/>
        <net name="hash_o_uut[51]"/>
        <net name="hash_o_uut[50]"/>
        <net name="hash_o_uut[49]"/>
        <net name="hash_o_uut[48]"/>
        <net name="hash_o_uut[47]"/>
        <net name="hash_o_uut[46]"/>
        <net name="hash_o_uut[45]"/>
        <net name="hash_o_uut[44]"/>
        <net name="hash_o_uut[43]"/>
        <net name="hash_o_uut[42]"/>
        <net name="hash_o_uut[41]"/>
        <net name="hash_o_uut[40]"/>
        <net name="hash_o_uut[39]"/>
        <net name="hash_o_uut[38]"/>
        <net name="hash_o_uut[37]"/>
        <net name="hash_o_uut[36]"/>
        <net name="hash_o_uut[35]"/>
        <net name="hash_o_uut[34]"/>
        <net name="hash_o_uut[33]"/>
        <net name="hash_o_uut[32]"/>
        <net name="hash_o_uut[31]"/>
        <net name="hash_o_uut[30]"/>
        <net name="hash_o_uut[29]"/>
        <net name="hash_o_uut[28]"/>
        <net name="hash_o_uut[27]"/>
        <net name="hash_o_uut[26]"/>
        <net name="hash_o_uut[25]"/>
        <net name="hash_o_uut[24]"/>
        <net name="hash_o_uut[23]"/>
        <net name="hash_o_uut[22]"/>
        <net name="hash_o_uut[21]"/>
        <net name="hash_o_uut[20]"/>
        <net name="hash_o_uut[19]"/>
        <net name="hash_o_uut[18]"/>
        <net name="hash_o_uut[17]"/>
        <net name="hash_o_uut[16]"/>
        <net name="hash_o_uut[15]"/>
        <net name="hash_o_uut[14]"/>
        <net name="hash_o_uut[13]"/>
        <net name="hash_o_uut[12]"/>
        <net name="hash_o_uut[11]"/>
        <net name="hash_o_uut[10]"/>
        <net name="hash_o_uut[9]"/>
        <net name="hash_o_uut[8]"/>
        <net name="hash_o_uut[7]"/>
        <net name="hash_o_uut[6]"/>
        <net name="hash_o_uut[5]"/>
        <net name="hash_o_uut[4]"/>
        <net name="hash_o_uut[3]"/>
        <net name="hash_o_uut[2]"/>
        <net name="hash_o_uut[1]"/>
        <net name="hash_o_uut[0]"/>
      </nets>
    </probe>
    <probe type="vio_output" busType="bus" source="netlist" spec="VIO_OUTPUT_V2_RT">
      <probeOptions Id="DebugProbeParams">
        <Option Id="DISPLAY_HINT" value=""/>
        <Option Id="DISPLAY_VISIBILITY" value=""/>
        <Option Id="HW_VIO" value="hw_vio_1"/>
        <Option Id="NAME.CUSTOM" value=""/>
        <Option Id="NAME.SELECT" value="Long"/>
        <Option Id="OUTPUT_VALUE" value="2"/>
        <Option Id="OUTPUT_VALUE_RADIX" value="HEX"/>
        <Option Id="SOURCE" value="netlist"/>
      </probeOptions>
      <nets>
        <net name="clk_sel[1]"/>
        <net name="clk_sel[0]"/>
      </nets>
    </probe>
    <probe type="vio_output" busType="bus" source="netlist" spec="VIO_OUTPUT_V2_RT">
      <probeOptions Id="DebugProbeParams">
        <Option Id="DISPLAY_HINT" value=""/>
        <Option Id="DISPLAY_VISIBILITY" value=""/>
        <Option Id="HW_VIO" value="hw_vio_1"/>
        <Option Id="NAME.CUSTOM" value=""/>
        <Option Id="NAME.SELECT" value="Long"/>
        <Option Id="OUTPUT_VALUE" value="39f0ad9cee2deb17"/>
        <Option Id="OUTPUT_VALUE_RADIX" value="HEX"/>
        <Option Id="SOURCE" value="netlist"/>
      </probeOptions>
      <nets>
        <net name="msg_uut[63]"/>
        <net name="msg_uut[62]"/>
        <net name="msg_uut[61]"/>
        <net name="msg_uut[60]"/>
        <net name="msg_uut[59]"/>
        <net name="msg_uut[58]"/>
        <net name="msg_uut[57]"/>
        <net name="msg_uut[56]"/>
        <net name="msg_uut[55]"/>
        <net name="msg_uut[54]"/>
        <net name="msg_uut[53]"/>
        <net name="msg_uut[52]"/>
        <net name="msg_uut[51]"/>
        <net name="msg_uut[50]"/>
        <net name="msg_uut[49]"/>
        <net name="msg_uut[48]"/>
        <net name="msg_uut[47]"/>
        <net name="msg_uut[46]"/>
        <net name="msg_uut[45]"/>
        <net name="msg_uut[44]"/>
        <net name="msg_uut[43]"/>
        <net name="msg_uut[42]"/>
        <net name="msg_uut[41]"/>
        <net name="msg_uut[40]"/>
        <net name="msg_uut[39]"/>
        <net name="msg_uut[38]"/>
        <net name="msg_uut[37]"/>
        <net name="msg_uut[36]"/>
        <net name="msg_uut[35]"/>
        <net name="msg_uut[34]"/>
        <net name="msg_uut[33]"/>
        <net name="msg_uut[32]"/>
        <net name="msg_uut[31]"/>
        <net name="msg_uut[30]"/>
        <net name="msg_uut[29]"/>
        <net name="msg_uut[28]"/>
        <net name="msg_uut[27]"/>
        <net name="msg_uut[26]"/>
        <net name="msg_uut[25]"/>
        <net name="msg_uut[24]"/>
        <net name="msg_uut[23]"/>
        <net name="msg_uut[22]"/>
        <net name="msg_uut[21]"/>
        <net name="msg_uut[20]"/>
        <net name="msg_uut[19]"/>
        <net name="msg_uut[18]"/>
        <net name="msg_uut[17]"/>
        <net name="msg_uut[16]"/>
        <net name="msg_uut[15]"/>
        <net name="msg_uut[14]"/>
        <net name="msg_uut[13]"/>
        <net name="msg_uut[12]"/>
        <net name="msg_uut[11]"/>
        <net name="msg_uut[10]"/>
        <net name="msg_uut[9]"/>
        <net name="msg_uut[8]"/>
        <net name="msg_uut[7]"/>
        <net name="msg_uut[6]"/>
        <net name="msg_uut[5]"/>
        <net name="msg_uut[4]"/>
        <net name="msg_uut[3]"/>
        <net name="msg_uut[2]"/>
        <net name="msg_uut[1]"/>
        <net name="msg_uut[0]"/>
      </nets>
    </probe>
    <probe type="vio_output" busType="net" source="netlist" spec="VIO_OUTPUT_V2_RT">
      <probeOptions Id="DebugProbeParams">
        <Option Id="DISPLAY_HINT" value=""/>
        <Option Id="DISPLAY_VISIBILITY" value=""/>
        <Option Id="HW_VIO" value="hw_vio_1"/>
        <Option Id="NAME.CUSTOM" value=""/>
        <Option Id="NAME.SELECT" value="Long"/>
        <Option Id="OUTPUT_VALUE" value="0"/>
        <Option Id="OUTPUT_VALUE_RADIX" value="BINARY"/>
        <Option Id="SOURCE" value="netlist"/>
      </probeOptions>
      <nets>
        <net name="rst_uut"/>
      </nets>
    </probe>
  </probeset>
</hwsession>
